datetime,VOC,CO2,humidity,temperature,water_temperature,pH,EC
2020-05-26 22:16:16,0.9,411.3,35.0,24.0,21.87,-1.0,-1.0
2020-05-27 01:27:12,6.2,406.0,35.0,24.0,22.00,-1.0,-1.0
2020-05-27 11:26:26,0.4,406.9,38.0,24.0,22.12,-1.0,-1.0
2020-05-27 23:25:29,0.0,418.8,40.0,25.0,22.44,6.9,0.0
2020-05-28 23:11:39,0.4,404.0,47.0,22.0,22.19,-1.0,-1.0
2020-05-29 13:10:34,0.0,412.3,35.0,25.0,21.94,-1.0,-1.0
2020-05-29 23:09:48,0.8,415.0,35.0,24.0,22.31,-1.0,-1.0
2020-05-30 11:08:52,0.3,408.5,38.0,24.0,22.00,7.23,0.0
2020-05-31 05:18:26,0.5,404.5,48.0,22.0,21.62,-1.0,-1.0
2020-05-31 10:49:46,1.2,414.4,38.0,24.0,21.62,6.71,0.0
2020-05-31 22:39:47,0.1,411.4,41.0,24.0,21.62,6.82,0.0
2020-06-01 10:51:54,0.8,414.0,39.0,24.0,21.44,6.89,0.0
2020-06-01 22:40:12,0.1,404.7,40.0,22.0,21.81,7.26,0.0
2020-06-02 10:48:18,0.7,410.0,50.0,22.0,21.75,6.95,0.0
2020-06-02 23:26:10,0.0,406.5,38.0,24.0,21.31,6.88,0.0
2020-06-03 18:06:08,0.1,415.4,41.0,24.0,21.56,6.77,0.0
2020-06-05 22:52:21,0.0,405.5,52.0,21.0,21.44,6.71,0.0
2020-06-07 11:56:25,0.4,409.4,62.0,19.0,17.81,-1.0,-1.0
2020-06-07 22:55:34,0.0,406.6,47.0,21.0,17.94,-1.0,-1.0
2020-06-08 11:55:32,0.3,410.2,53.0,20.0,17.94,6.68,0.0
2020-06-08 23:07:57,0.2,412.7,58.0,20.0,17.75,6.64,0.0
2020-06-09 12:17:50,0.0,408.3,47.0,20.0,17.62,6.68,0.44
2020-06-10 00:23:27,0.4,405.9,51.0,21.0,17.50,8.03,0.45
2020-06-10 11:52:39,1.3,414.0,54.0,21.0,18.44,6.85,0.47
2020-06-10 23:31:26,0.4,408.4,51.0,23.0,18.87,-1.0,0.0
2020-06-11 11:32:28,0.1,410.9,59.0,22.0,19.69,-1.0,-1.0
2020-06-11 12:47:56,0.1,408.2,64.0,21.0,19.56,7.58,0.42
2020-06-11 16:17:46,0.8,406.6,61.0,22.0,19.12,7.05,0.0
2020-06-12 13:33:12,0.2,404.9,69.0,19.0,19.56,7.3,-1.0
2020-06-12 16:33:42,1.3,406.6,60.0,22.0,19.31,-1.0,-1.0
2020-06-12 18:33:33,0.4,406.2,60.0,21.0,19.25,-1.0,-1.0
2020-06-12 20:33:24,0.0,408.3,59.0,21.0,19.25,-1.0,-1.0
2020-06-12 21:48:15,0.0,405.6,55.0,22.0,19.31,-1.0,-1.0
2020-06-12 23:33:11,0.7,406.6,52.0,24.0,19.37,7.15,-1.0
2020-06-13 16:48:40,0.3,413.5,59.0,21.0,19.12,7.98,0.7
2020-06-13 18:06:39,0.5,410.4,,,19.12,6.9,0.0
2020-06-14 16:20:31,0.5,409.0,53.0,22.0,19.50,7.21,0.61
2020-06-14 17:23:35,0.2,409.5,62.0,22.0,19.44,-1.0,-1.0
2020-06-14 19:23:27,0.3,410.8,54.0,23.0,19.50,-1.0,-1.0
2020-06-14 22:56:53,0.1,411.9,45.0,24.0,19.62,7.79,0.68
2020-06-15 12:36:05,0.5,411.4,60.0,22.0,19.62,6.97,-1.0
2020-06-15 14:55:21,0.0,405.4,5.0,19.0,19.50,7.1,1.2
2020-06-15 16:05:37,1.3,414.1,58.0,22.0,19.44,7.0,-1.0
2020-06-15 17:10:59,1.4,409.2,65.0,22.0,19.37,-1.0,-1.0
2020-06-15 18:20:22,1.3,407.8,59.0,22.0,19.37,-1.0,0.0
2020-06-15 18:38:39,0.1,409.9,64.0,21.0,19.37,-1.0,-1.0
2020-06-15 19:16:00,0.7,406.1,59.0,23.0,19.37,5.69,1.06
2020-06-15 20:01:00,0.7,413.1,52.0,23.0,19.37,5.73,-1.0
2020-06-15 21:35:04,0.4,410.1,59.0,22.0,19.50,-1.0,-1.0
2020-06-15 22:01:31,0.1,411.9,50.0,23.0,19.50,-1.0,-1.0
2020-06-15 22:52:18,0.3,406.4,47.0,25.0,19.56,5.81,1.06
2020-06-16 12:24:36,0.1,407.0,61.0,21.0,19.69,-1.0,-1.0
2020-06-16 15:04:55,0.3,408.7,56.0,22.0,19.56,5.75,-1.0
2020-06-16 17:06:50,1.0,411.7,63.0,22.0,19.44,5.62,1.03
2020-06-16 18:24:36,0.0,412.8,64.0,22.0,19.44,5.71,-1.0
2020-06-16 19:54:36,0.8,407.8,55.0,22.0,19.50,-1.0,-1.0
2020-06-16 23:40:02,1.3,413.5,55.0,21.0,19.62,5.5,1.05
2020-06-17 10:15:10,1.4,412.7,55.0,22.0,19.81,-1.0,-1.0
2020-06-17 11:39:13,0.2,405.5,59.0,22.0,19.87,-1.0,-1.0
2020-06-17 15:00:24,0.6,414.3,62.0,22.0,19.69,6.11,-1.0
2020-06-17 16:54:36,0.6,413.4,62.0,22.0,19.62,6.68,1.04
2020-06-17 19:09:38,0.0,412.7,63.0,22.0,19.56,6.88,0.98
2020-06-18 10:11:44,0.8,402.1,65.0,21.0,20.19,5.72,-1.0
2020-06-18 12:24:36,0.6,405.2,68.0,21.0,20.06,5.84,-1.0
2020-06-18 14:39:37,0.2,412.7,62.0,22.0,19.94,5.74,0.95
2020-06-18 17:39:39,1.1,414.0,62.0,22.0,19.81,5.68,0.93
2020-06-18 18:41:41,0.1,418.8,62.0,22.0,19.75,5.91,-1.0
2020-06-18 22:09:17,0.3,407.1,54.0,23.0,19.94,5.73,1.04
2020-06-19 10:13:57,0.5,416.8,63.0,22.0,20.31,6.66,-1.0
2020-06-19 11:39:38,0.2,411.2,61.0,22.0,20.31,6.47,-1.0
2020-06-19 13:54:40,0.8,412.8,67.0,21.0,20.12,6.51,1.07
2020-06-19 14:57:17,0.7,413.4,68.0,21.0,20.06,-1.0,-1.0
2020-06-19 19:09:32,0.5,407.4,64.0,22.0,19.87,-1.0,-1.0
2020-06-19 20:12:33,0.4,403.7,54.0,24.0,19.94,6.78,-1.0
2020-06-20 11:40:02,2.5,406.1,,,20.56,6.87,-1.0
2020-06-20 13:00:16,0.0,413.1,61.0,21.0,20.44,-1.0,-1.0
2020-06-20 15:24:32,0.8,407.1,63.0,21.0,20.25,6.88,-1.0
2020-06-20 16:29:55,0.3,406.2,64.0,22.0,20.19,-1.0,-1.0
2020-06-20 21:40:14,1.1,407.4,70.0,21.0,,7.82,1.25
2020-06-20 21:57:09,0.7,404.3,54.0,24.0,20.25,7.3,-1.0
2020-06-21 00:51:49,0.0,408.9,64.0,22.0,20.37,6.86,-1.0
2020-06-21 14:00:16,1.9,401.3,52.0,25.0,20.37,-1.0,-1.0
2020-06-21 15:05:24,0.9,408.5,64.0,23.0,20.31,-1.0,-1.0
2020-06-21 16:09:33,0.7,405.2,60.0,22.0,20.31,6.89,-1.0
2020-06-21 17:14:57,1.5,411.1,71.0,21.0,20.25,-1.0,-1.0
2020-06-21 18:44:08,0.0,405.6,60.0,23.0,20.19,7.78,1.12
2020-06-21 20:12:59,0.4,405.7,57.0,24.0,20.25,-1.0,-1.0
2020-06-21 21:23:03,0.5,410.0,65.0,22.0,20.37,6.23,-1.0
2020-06-21 23:24:42,0.6,406.9,42.0,22.0,20.50,6.29,0.96
2020-06-22 10:11:37,0.3,405.4,58.0,24.0,20.75,6.0,-1.0
2020-06-22 12:24:37,0.1,409.3,65.0,23.0,20.62,-1.0,-1.0
2020-06-22 12:52:04,1.2,406.6,68.33333333333333,22.0,20.62,-1.0,-1.0
2020-06-22 13:57:06,0.2,405.0,70.0,21.0,20.50,6.2,0.47
2020-06-22 18:00:15,0.5,405.5,80.0,20.0,15.63,6.91,-1.0
2020-06-22 19:13:03,0.5,404.8,72.66666666666667,21.0,16.37,-1.0,-1.0
2020-06-22 20:18:49,0.4,415.4,69.0,22.0,16.94,6.74,-1.0
2020-06-22 21:28:10,0.3,404.6,69.33333333333333,21.0,17.56,-1.0,-1.0
2020-06-22 22:42:48,2.0,419.8,70.33333333333333,21.0,18.19,6.39,0.4
2020-06-23 10:14:35,0.0,413.1,69.0,21.0,20.12,7.02,-1.0
2020-06-23 11:19:53,1.0,408.0,66.0,22.0,20.06,6.77,-1.0
2020-06-23 17:33:44,2.4,403.0,73.66666666666667,20.0,19.94,-1.0,-1.0
2020-06-23 18:39:08,0.1,407.9,64.66666666666667,22.0,20.00,-1.0,-1.0
2020-06-23 19:44:10,0.1,406.0,62.666666666666664,22.0,20.06,5.3,0.26
2020-06-23 20:49:24,2.2,406.6,64.0,22.0,20.12,5.54,0.19
2020-06-24 11:08:35,0.4,404.5,66.66666666666667,22.0,20.56,-1.0,-1.0
2020-06-24 14:04:00,1.0,408.1,71.0,21.0,20.37,5.71,-1.0
2020-06-24 15:16:42,0.4,406.0,66.0,21.0,20.31,5.8,0.23
2020-06-24 16:23:18,0.3,420.2,66.0,22.0,20.25,6.04,-1.0
2020-06-24 17:28:57,0.3,410.0,nan,nan,20.25,-1.0,-1.0
2020-06-24 20:49:04,0.3,408.0,63.333333333333336,22.0,20.37,5.5,0.24
2020-06-24 22:08:35,1.6,409.6,64.0,22.0,20.44,5.87,0.25
2020-06-25 10:06:10,0.2,409.7,62.333333333333336,23.0,20.62,-1.0,-1.0
2020-06-25 11:16:12,0.2,406.9,69.0,21.0,20.50,-1.0,-1.0
2020-06-25 12:21:37,2.0,409.0,70.0,21.0,20.44,-1.0,-1.0
2020-06-25 13:26:42,1.9,411.4,68.66666666666667,21.333333333333332,20.37,5.37,-1.0
2020-06-25 15:01:34,0.4,410.0,67.0,21.333333333333332,20.31,5.41,-1.0
2020-06-25 16:19:50,0.4,408.2,65.33333333333333,21.666666666666668,20.31,-1.0,0.2
2020-06-25 17:51:28,0.4,407.7,69.0,21.0,20.25,5.79,-1.0
2020-06-25 18:56:49,1.7,408.1,64.0,22.0,20.31,5.54,-1.0
2020-06-25 20:16:34,0.2,414.5,63.0,22.0,20.44,-1.0,-1.0
2020-06-25 21:21:52,0.7,407.2,44.333333333333336,22.0,20.50,5.47,-1.0
2020-06-25 23:21:37,0.6,407.0,65.0,22.0,20.56,5.52,0.21
2020-06-26 10:23:30,1.2,408.0,69.0,22.0,20.75,5.54,-1.0
2020-06-26 14:05:12,0.2,409.8,68.0,22.0,20.56,5.72,0.73
2020-06-26 17:08:39,0.9,414.1,66.33333333333333,23.0,20.50,-1.0,-1.0
2020-06-26 22:14:09,0.3,406.4,61.333333333333336,23.333333333333332,20.81,5.28,-1.0
2020-06-27 10:14:13,0.3,409.8,68.0,22.0,21.19,-1.0,-1.0
2020-06-27 11:54:18,0.8,404.6,64.33333333333333,23.0,21.06,5.88,0.8
2020-06-27 12:56:27,0.0,402.8,68.0,22.333333333333332,21.00,6.85,-1.0
2020-06-27 16:23:39,1.1,408.7,68.66666666666667,22.666666666666668,20.87,-1.0,-1.0
2020-06-27 19:23:32,0.1,407.2,72.0,22.0,20.94,-1.0,-1.0
2020-06-27 20:29:09,0.4,407.5,66.0,23.0,21.00,-1.0,-1.0
2020-06-27 21:34:13,0.5,405.9,64.0,23.0,21.06,-1.0,-1.0
2020-06-27 22:39:17,0.2,410.0,nan,nan,21.12,6.63,-1.0
2020-06-28 10:23:22,0.7,411.9,68.0,22.333333333333332,21.31,5.87,-1.0
2020-06-28 13:53:40,0.7,405.3,73.0,22.0,21.12,-1.0,0.84
2020-06-28 15:07:12,1.3,405.8,69.33333333333333,22.666666666666668,21.06,-1.0,-1.0
2020-06-28 16:37:09,0.8,405.1,70.33333333333333,22.0,21.00,6.98,-1.0
2020-06-28 17:43:09,0.1,404.0,67.0,23.0,21.00,7.34,0.82
2020-06-28 19:09:31,0.2,416.0,66.66666666666667,23.0,21.06,7.06,0.88
2020-06-29 11:32:34,1.3,409.8,75.33333333333333,22.0,21.50,6.76,-1.0
2020-06-29 13:53:24,0.3,409.2,71.66666666666667,23.0,21.31,-1.0,-1.0
2020-06-29 14:58:28,0.6,411.3,72.0,22.0,21.25,6.66,0.7
2020-06-29 21:17:59,0.0,405.7,nan,nan,21.31,-1.0,-1.0
2020-06-29 21:53:03,0.2,405.4,63.666666666666664,24.0,21.31,6.22,-1.0
2020-06-29 22:59:06,1.1,409.8,68.0,23.0,21.31,6.19,-1.0
2020-06-30 10:23:13,0.4,409.6,65.0,22.0,21.25,5.07,-1.0
2020-06-30 11:09:53,2.0,425.6,64.0,22.0,21.19,-1.0,0.76
2020-06-30 12:16:31,0.0,416.7,58.333333333333336,23.0,21.12,-1.0,-1.0
2020-06-30 15:23:07,0.2,413.3,56.333333333333336,23.0,20.94,5.16,0.8
2020-06-30 16:25:12,0.7,414.1,57.0,23.0,20.94,-1.0,-1.0
2020-06-30 18:05:16,1.1,413.6,58.333333333333336,23.0,-1.00,5.36,20.81
2020-06-30 20:38:31,1.6,412.9,42.0,27.0,21.19,5.18,0.7
2020-07-01 11:29:41,0.0,408.8,66.33333333333333,21.0,21.19,5.55,-1.0
2020-07-01 12:35:07,0.1,415.3,63.333333333333336,22.0,21.12,5.6,0.69
2020-07-01 18:59:43,0.0,416.8,65.0,22.0,20.94,5.53,-1.0
2020-07-01 20:05:10,0.1,405.4,64.33333333333333,22.666666666666668,21.06,5.47,-1.0
2020-07-01 21:14:45,0.7,412.5,64.66666666666667,23.0,21.12,-1.0,-1.0
2020-07-01 22:50:12,0.1,408.6,66.0,23.0,21.19,5.59,-1.0
2020-07-02 11:53:39,0.3,412.2,68.33333333333333,22.0,21.12,-1.0,-1.0
2020-07-02 16:23:33,0.1,410.7,69.66666666666667,22.0,20.87,5.57,-1.0
2020-07-04 11:08:33,0.5,413.3,64.0,22.0,21.12,-1.0,-1.0
2020-07-04 12:14:04,0.6,414.1,65.0,21.0,21.06,-1.0,-1.0
2020-07-04 13:24:06,0.1,408.6,63.666666666666664,21.666666666666668,20.94,-1.0,-1.0
2020-07-04 14:29:12,0.4,418.5,63.666666666666664,21.666666666666668,20.87,5.81,-1.0
2020-07-04 17:08:40,1.2,417.4,66.33333333333333,21.333333333333332,20.75,5.92,0.01
2020-07-05 11:08:31,0.4,410.2,67.33333333333333,22.0,21.19,5.94,-1.0
2020-07-05 12:14:16,1.0,407.8,70.33333333333333,22.0,21.06,5.91,-1.0
2020-07-05 13:23:39,0.6,417.9,70.0,22.0,21.06,5.99,-1.0
2020-07-05 16:24:06,0.0,408.8,68.66666666666667,22.0,20.87,5.92,-1.0
2020-07-05 22:14:11,1.3,405.5,69.0,22.0,21.12,5.98,-1.0
2020-07-06 10:23:15,0.3,411.0,66.33333333333333,22.333333333333332,21.25,-1.0,-1.0
2020-07-06 11:29:26,1.7,410.2,69.0,22.0,21.19,6.05,-1.0
2020-07-06 12:33:58,0.6,410.3,69.0,22.0,21.12,6.02,-1.0
2020-07-06 14:08:38,0.6,417.1,65.66666666666667,22.0,21.00,6.01,-1.0
2020-07-06 15:13:59,0.0,410.4,67.0,22.0,20.94,6.04,-1.0
2020-07-06 16:23:16,0.5,408.7,61.333333333333336,22.0,20.87,-1.0,-1.0
2020-07-06 17:53:33,0.5,408.9,64.0,22.0,20.87,6.08,-1.0
2020-07-06 18:59:20,0.5,414.6,62.0,22.666666666666668,20.87,6.09,-1.0
2020-07-06 20:03:58,0.2,407.9,59.666666666666664,23.0,20.94,6.06,-1.0
2020-07-06 22:08:40,0.2,406.4,57.666666666666664,23.0,21.00,6.07,-1.0
2020-07-07 11:08:05,1.3,414.6,57.0,22.0,20.75,6.28,-1.0
2020-07-07 12:13:45,1.0,410.4,54.666666666666664,21.333333333333332,20.69,6.2,-1.0
2020-07-07 16:38:31,1.1,415.7,53.0,21.0,20.44,6.34,-1.0
2020-07-07 19:23:01,0.6,409.9,58.0,21.0,20.44,6.43,-1.0
2020-07-07 20:28:45,0.6,408.2,50.333333333333336,22.0,20.50,6.26,-1.0
2020-07-07 22:08:05,0.2,409.0,50.0,22.0,20.56,6.38,-1.0
2020-07-08 11:53:04,0.6,410.2,52.0,23.0,20.50,6.43,-1.0
2020-07-08 12:58:43,0.4,408.3,54.0,21.333333333333332,20.44,6.28,-1.0
2020-07-08 14:52:57,0.8,409.2,55.0,23.0,20.37,6.28,0.01
2020-07-09 12:28:57,0.1,405.0,56.666666666666664,20.333333333333332,20.31,6.28,-1.0
2020-07-09 13:33:25,0.8,417.6,55.0,21.0,20.19,-1.0,-1.0
2020-07-09 17:33:33,0.5,410.4,54.666666666666664,21.0,20.00,-1.0,-1.0
2020-07-09 18:38:39,1.4,419.7,57.666666666666664,21.666666666666668,20.00,6.33,-1.0
2020-07-09 19:43:28,1.2,412.5,60.0,22.0,20.06,6.39,-1.0
2020-07-09 20:53:00,0.4,415.6,59.333333333333336,22.0,20.19,6.38,0.01
2020-07-10 10:23:30,0.0,402.9,64.0,22.0,21.19,-1.0,-1.0
2020-07-10 12:22:55,1.0,412.4,59.0,23.0,21.00,6.47,-1.0
2020-07-10 13:53:18,1.0,412.2,55.0,23.0,20.94,6.49,-1.0
2020-07-10 14:58:33,0.3,413.6,57.333333333333336,23.0,20.81,6.43,-1.0
2020-07-10 17:38:17,0.0,411.8,62.333333333333336,23.0,20.69,-1.0,-1.0
2020-07-10 19:57:36,0.1,406.4,52.0,24.666666666666668,20.69,-1.0,-1.0
2020-07-10 21:12:54,0.1,408.6,63.0,22.0,20.75,-1.0,-1.0
2020-07-10 22:18:00,1.8,412.6,63.0,22.0,20.69,6.4,0.01
2020-07-11 11:44:06,0.9,405.8,57.666666666666664,21.333333333333332,20.25,-1.0,-1.0
2020-07-11 12:45:41,0.8,409.6,58.666666666666664,21.0,20.12,6.43,0.01
2020-07-12 12:37:57,0.8,404.3,50.0,23.0,20.50,6.54,-1.0
2020-07-12 20:49:07,0.0,406.2,54.666666666666664,22.333333333333332,20.44,-1.0,-1.0
2020-07-12 21:54:15,7.4,405.1,40.0,26.0,20.56,6.61,-1.0
2020-07-13 11:08:03,1.4,411.6,58.333333333333336,21.0,20.44,-1.0,-1.0
2020-07-13 12:13:19,0.6,422.1,62.0,22.0,20.31,6.65,-1.0
2020-07-13 14:08:05,0.6,415.0,62.333333333333336,21.0,20.19,-1.0,-1.0
2020-07-13 15:23:21,0.1,414.6,62.666666666666664,22.0,20.12,6.55,-1.0
2020-07-13 16:28:25,0.7,423.8,56.666666666666664,22.0,20.06,6.55,0.01
2020-07-13 18:38:06,0.2,408.0,64.0,22.0,20.06,-1.0,-1.0
2020-07-13 21:43:44,1.0,410.5,55.0,23.0,20.12,6.64,-1.0
2020-07-14 10:48:51,0.5,407.4,58.666666666666664,21.0,19.81,6.63,-1.0
2020-07-14 13:23:04,1.5,414.2,59.666666666666664,20.0,19.69,-1.0,-1.0
2020-07-14 14:52:57,1.0,423.1,60.666666666666664,20.0,19.62,6.63,-1.0
2020-07-14 18:53:52,0.5,405.4,64.0,20.0,19.62,-1.0,0.01
2020-07-14 23:38:50,0.2,412.6,59.666666666666664,21.0,19.87,6.69,0.02
2020-07-15 10:22:56,0.5,406.8,60.0,21.333333333333332,20.00,6.59,-1.0
2020-07-15 11:28:20,1.8,408.3,65.0,21.0,19.94,6.59,-1.0
2020-07-15 15:38:03,1.3,409.1,65.0,21.0,19.81,-1.0,-1.0
2020-07-15 19:43:30,1.8,412.6,65.0,21.0,19.8719.87,-1.0,-1.0
2020-07-15 20:53:34,0.7,407.4,62.0,22.0,20.00,-1.0,-1.0
2020-07-15 21:58:39,0.0,409.7,61.666666666666664,22.0,20.00,6.67,-1.0
2020-07-16 11:07:58,1.7,406.0,71.66666666666667,20.0,20.25,6.74,-1.0
2020-07-16 12:13:22,0.3,407.2,72.0,21.0,20.19,6.66,-1.0
2020-07-16 14:08:04,0.8,411.1,72.0,21.0,20.06,-1.0,0.03
2020-07-16 15:38:03,0.5,410.1,71.0,21.0,20.00,6.75,0.02
2020-07-17 10:22:56,0.1,404.0,66.33333333333333,23.0,20.56,-1.0,-1.0
2020-07-17 13:08:47,2.2,407.3,44.333333333333336,23.0,-1.00,20.44,-1.0
2020-07-17 18:48:35,0.2,414.7,70.0,22.333333333333332,20.25,-1.0,-1.0
2020-07-17 19:53:40,4.6,410.1,56.0,26.0,20.37,-1.0,-1.0
2020-07-17 20:58:45,6.5,408.1,55.666666666666664,26.0,20.50,-1.0,-1.0
2020-07-17 22:28:51,3.8,411.8,56.333333333333336,26.0,20.62,6.74,0.01
2020-07-18 10:13:25,0.4,407.7,57.0,25.0,20.69,-1.0,-1.0
2020-07-18 13:22:39,0.3,416.1,67.66666666666667,23.0,20.50,6.72,0.01
2020-07-18 18:58:22,0.3,408.5,56.0,24.0,20.37,7.21,-1.0
2020-07-18 21:54:04,0.7,410.9,60.666666666666664,23.0,20.44,7.12,-1.0
2020-07-18 23:14:00,0.4,407.8,68.0,22.0,20.44,7.02,-1.0
2020-07-19 11:08:37,4.7,407.3,58.333333333333336,24.666666666666668,20.94,7.05,-1.0
2020-07-19 12:13:59,0.0,405.6,65.66666666666667,23.666666666666668,20.87,7.01,-1.0
2020-07-19 13:23:55,1.2,410.7,74.0,23.0,20.75,-1.0,-1.0
2020-07-19 14:18:10,0.1,426.2,62.333333333333336,23.0,20.75,5.42,0.98
2020-07-19 16:59:50,0.5,408.0,68.0,21.0,20.50,5.43,-1.0
2020-07-19 18:05:28,0.6,411.2,68.0,22.0,20.44,4.49,-1.0
2020-07-19 19:08:50,0.6,453.1,65.33333333333333,22.0,20.44,-1.0,0.99
2020-07-19 20:35:17,0.7,413.3,69.0,22.0,20.50,-1.0,-1.0
2020-07-19 22:45:09,0.3,408.0,69.66666666666667,22.0,20.50,5.37,0.01
2020-07-20 10:23:40,1.0,411.9,58.333333333333336,25.0,21.25,5.15,-1.0
2020-07-20 11:53:32,0.9,413.3,62.0,23.666666666666668,21.19,5.9,-1.0
2020-07-20 14:27:45,0.8,408.6,71.0,23.0,21.12,-1.0,1.01
2020-07-20 14:37:48,0.4,413.0,65.0,22.0,21.12,-1.0,-1.0
2020-07-20 15:43:10,1.1,409.8,71.0,22.0,21.00,-1.0,-1.0
2020-07-20 16:29:23,1.2,413.4,70.0,22.0,20.94,6.22,16.49
2020-07-20 17:30:52,0.5,414.7,66.66666666666667,22.333333333333332,20.87,8.75,-1.0
2020-07-20 18:07:18,0.0,410.6,68.33333333333333,22.0,20.81,-1.0,-1.0
2020-07-20 19:12:24,0.4,419.9,65.66666666666667,22.0,20.81,-1.0,-1.0
2020-07-20 21:40:26,0.0,408.7,67.66666666666667,23.0,20.87,6.57,-1.0
2020-07-20 22:46:04,0.8,413.1,67.33333333333333,22.0,20.94,6.61,0.95
2020-07-21 10:17:23,1.6,410.1,60.666666666666664,22.0,20.62,7.08,-1.0
2020-07-21 10:37:57,0.3,412.3,57.333333333333336,22.0,20.62,7.02,-1.0
2020-07-21 11:48:11,0.5,410.7,42.666666666666664,14.666666666666666,20.56,6.85,-1.0
2020-07-21 12:53:34,0.3,412.6,63.666666666666664,21.0,20.50,-1.0,-1.0
2020-07-21 15:28:40,0.0,410.8,64.0,21.0,20.44,6.67,-1.0
2020-07-21 17:03:18,1.7,413.5,53.333333333333336,21.666666666666668,20.37,6.18,0.79
2020-07-22 10:23:37,0.6,404.4,63.0,21.0,20.62,7.01,-1.0
2020-07-22 14:50:20,0.0,408.6,58.0,21.0,20.37,-1.0,0.96
2020-07-22 17:27:43,0.3,412.4,62.0,22.333333333333332,20.25,-1.0,-1.0
2020-07-22 18:32:18,5.2,403.5,52.333333333333336,25.0,20.25,-1.0,-1.0
2020-07-22 20:02:22,1.9,404.7,50.666666666666664,26.0,20.37,6.58,-1.0
2020-07-22 21:12:51,8.8,403.8,50.333333333333336,26.0,20.50,6.52,-1.0
2020-07-23 00:37:53,5.0,407.5,49.333333333333336,26.0,20.69,-1.0,-1.0
2020-07-23 14:30:57,1.1,407.5,54.666666666666664,20.0,18.56,6.67,0.42
2020-07-23 15:41:21,1.3,411.5,57.0,21.0,18.81,-1.0,-1.0
2020-07-23 16:46:39,0.3,419.4,54.0,21.0,19.00,-1.0,-1.0
2020-07-23 17:51:44,0.8,420.7,56.0,21.0,19.12,6.35,-1.0
2020-07-23 18:56:59,0.2,417.2,52.666666666666664,22.0,19.31,6.36,-1.0
2020-07-23 20:11:20,0.6,409.6,53.0,22.0,19.56,-1.0,-1.0
2020-07-23 21:16:40,0.7,407.8,50.0,22.0,19.69,6.41,-1.0
2020-07-24 10:13:18,1.0,408.8,53.666666666666664,21.0,20.06,5.38,0.66
2020-07-24 11:53:14,0.7,412.4,53.666666666666664,21.0,20.00,-1.0,-1.0
2020-07-24 12:59:00,0.4,419.7,57.0,21.0,20.00,-1.0,-1.0
2020-07-24 14:53:14,0.5,410.4,55.0,21.0,20.00,-1.0,-1.0
2020-07-24 15:59:11,0.0,412.6,58.0,21.0,20.00,-1.0,-1.0
2020-07-24 17:04:13,0.2,423.9,61.0,21.0,20.00,5.1,-1.0
2020-07-24 18:08:55,0.0,419.1,61.0,22.0,20.00,5.1,-1.0
2020-07-24 19:23:16,0.5,421.1,63.0,22.0,20.12,5.01,-1.0
2020-07-24 21:43:57,0.0,418.9,42.333333333333336,14.666666666666666,20.31,-1.0,-1.0
2020-07-24 23:13:16,0.0,411.2,61.666666666666664,22.0,20.37,5.09,-1.0
2020-07-25 10:23:12,1.3,412.8,63.0,21.666666666666668,20.31,5.13,-1.0
2020-07-25 12:38:35,0.6,410.1,62.0,21.0,20.25,4.69,0.75
2020-07-25 16:23:14,1.7,412.1,63.333333333333336,21.666666666666668,20.12,6.53,-1.0
2020-07-25 17:28:53,0.6,410.6,64.33333333333333,22.0,20.12,-1.0,-1.0
2020-07-25 23:59:17,0.2,411.8,61.0,22.0,00,6.53,-1.0
2020-07-26 10:23:27,0.2,411.7,65.0,21.0,20.44,-1.0,-1.0
2020-07-26 12:38:28,0.7,410.8,64.0,21.666666666666668,20.37,-1.0,-1.0
2020-07-26 13:44:03,0.1,408.3,63.333333333333336,22.0,20.37,6.48,-1.0
2020-07-26 14:58:50,0.3,413.5,65.0,21.0,20.31,6.63,0.82
2020-07-27 10:23:15,0.0,406.0,81.0,21.0,20.81,-1.0,-1.0
2020-07-27 11:49:46,0.2,408.6,71.33333333333333,23.0,20.69,-1.0,-1.0
2020-07-27 12:05:10,0.9,412.4,65.0,22.0,20.69,6.72,-1.0
2020-07-27 13:15:31,0.1,407.4,68.0,21.0,20.62,-1.0,-1.0
2020-07-27 14:40:23,0.4,410.1,72.33333333333333,21.0,20.56,4.69,0.76
2020-07-27 15:50:45,0.5,413.3,69.33333333333333,21.0,20.56,-1.0,-1.0
2020-07-27 17:20:23,3.6,411.5,68.0,22.0,20.50,-1.0,-1.0
2020-07-27 18:50:39,8.0,413.1,66.0,22.0,20.56,-1.0,-1.0
2020-07-27 19:56:15,0.4,409.1,68.0,22.0,20.62,6.83,-1.0
2020-07-27 21:05:47,0.2,417.7,66.66666666666667,22.0,20.62,-1.0,-1.0
2020-07-27 23:25:24,9.9,410.3,68.33333333333333,23.0,20.75,6.78,-1.0
2020-07-28 10:56:32,7.2,411.9,72.0,22.0,20.81,-1.0,-1.0
2020-07-28 15:01:49,0.0,410.4,72.0,22.0,00,6.86,-1.0
2020-07-28 16:06:49,0.3,414.1,72.66666666666667,22.0,20.69,-1.0,-1.0
2020-07-28 17:11:54,3.3,405.6,71.33333333333333,22.0,20.69,6.86,-1.0
2020-07-28 18:31:56,8.5,403.1,64.0,24.333333333333332,20.69,6.87,-1.0
2020-07-28 19:35:51,1.1,407.2,68.0,23.0,20.75,-1.0,-1.0
2020-07-28 20:37:04,3.3,404.2,66.66666666666667,23.0,20.75,-1.0,-1.0
2020-07-28 21:42:09,0.4,409.7,69.0,23.0,20.81,-1.0,-1.0
2020-07-29 03:27:25,1.0,414.3,69.0,22.0,20.87,6.86,0.77
2020-07-29 10:52:51,8.4,406.6,65.0,22.0,.00,-1.0,-1.0
2020-07-29 12:05:31,0.4,411.7,43.333333333333336,14.0,20.75,-1.0,-1.0
2020-07-29 13:32:57,1.8,410.1,61.666666666666664,21.333333333333332,20.69,7.4,0.79
2020-07-29 19:08:15,0.4,413.6,62.333333333333336,21.0,20.62,-1.0,-1.0
2020-07-29 20:13:19,10.4,412.0,39.666666666666664,15.0,20.62,-1.0,-1.0
2020-07-29 22:20:33,0.1,414.6,60.0,22.0,20.69,6.84,-1.0
2020-07-30 10:49:05,0.6,414.8,61.0,21.0,20.69,6.84,0.7
2020-07-30 11:51:46,1.2,417.9,54.666666666666664,23.0,20.62,-1.0,-1.0
2020-07-30 16:01:47,1.1,416.0,55.333333333333336,21.0,20.56,-1.0,-1.0
2020-07-30 17:07:14,4.2,408.0,67.0,22.0,20.56,-1.0,-1.0
2020-07-30 18:12:17,1.3,407.0,61.0,22.0,20.56,-1.0,-1.0
2020-07-30 19:17:22,4.8,407.5,58.333333333333336,22.0,20.56,-1.0,-1.0
2020-07-30 20:22:24,1.6,416.8,61.0,22.0,20.62,4.96,-1.0
2020-07-30 22:31:48,6.4,407.6,60.0,22.0,20.62,4.96,0.71
2020-07-31 10:47:13,2.7,405.7,62.666666666666664,21.666666666666668,20.69,-1.0,-1.0
2020-07-31 11:50:10,1.2,415.9,64.0,21.0,20.62,-1.0,-1.0
2020-07-31 13:47:08,3.2,406.0,61.0,21.0,20.56,-1.0,-1.0
2020-07-31 15:16:53,0.4,411.5,67.66666666666667,21.333333333333332,20.50,-1.0,-1.0
2020-07-31 16:20:24,0.5,408.5,45.333333333333336,14.0,20.50,-1.0,-1.0
2020-07-31 19:10:31,1.3,415.5,68.0,22.0,20.50,-1.0,-1.0
2020-07-31 20:32:10,0.4,413.6,63.666666666666664,22.0,20.56,-1.0,-1.0
2020-07-31 22:32:10,5.8,411.0,65.0,22.0,20.56,-1.0,-1.0
2020-08-01 10:36:21,0.2,410.9,66.0,21.0,20.56,-1.0,-1.0
2020-08-01 12:16:55,0.9,412.7,66.33333333333333,22.0,,-1.0,-1.0
2020-08-01 13:45:59,3.1,405.7,66.0,21.666666666666668,20.50,7.08,0.73
2020-08-01 14:51:55,0.0,410.7,64.0,22.333333333333332,20.50,6.92,-1.0
2020-08-01 16:47:13,0.0,413.0,66.33333333333333,22.0,20.44,-1.0,-1.0
2020-08-01 21:22:53,3.5,407.8,41.333333333333336,15.333333333333334,20.56,-1.0,-1.0
2020-08-01 22:27:59,3.9,405.2,63.0,22.0,20.56,7.06,-1.0
2020-08-02 10:47:25,6.4,407.2,62.0,22.333333333333332,20.37,6.99,-1.0
